Id,Driver,Capacity
1,Tisha Byng,50
2,Pryce Tringham,50
3,Marcela Brickwood,50
4,Chance Copestick,50
5,Godfry Ewell,50
6,Nancey Ulster,50
7,Georgy Mordey,50
8,Alis Corneille,50
9,Booth Benoit,50
10,Hayward Laverenz,50
11,Dasha Bourton,50
12,Anatole Salman,50
13,Shelbi Sprionghall,50
14,Willis Wakely,50
15,Bron Chaloner,50
16,Radcliffe Stegel,50
17,Philip Breede,50
18,Arleta Lambdean,50
19,Daloris Challiner,50
20,Gwenore Hockey,50
21,Jareb Clarridge,50
22,Ray Guarnier,50
23,Christoffer Decayette,50
24,Koral Skillanders,50
25,Valenka Erdis,50
26,Jerrylee Burdoun,50
27,Niven Danet,50
28,Jae Boseley,50
29,Violetta Ganter,50
30,Sula Slyme,50
31,Blithe Palister,50
32,Orel Cudmore,50
33,Wes Cargon,50
34,Bernarr Truran,50
35,Archibaldo Glendining,50
36,Vin Jervoise,50
37,Aaron Regan,50
38,Loydie Pole,50
39,Cissiee Webby,50
40,Bendite Bergen,50
41,Gustavus Tourot,50
42,Darelle Redihalgh,50
43,Federica Kiddy,50
44,Wayland Cardello,50
45,Wendie Branigan,50
46,Malva Itzkovici,50
47,Valentia Pablo,50
48,Wallie Niles,50
49,Norma Brayfield,50
50,Ferdinand Aleksidze,50
51,Hilton Stillgoe,50
52,Tyne Westhoff,50
53,Tim Scarrott,50
54,Pietro Churchman,50
55,Amberly Wenden,50
56,Ferne Thrift,50
57,Olly Cornehl,50
58,Marcel Clace,50
59,Ainsley Ranger,50
60,Salaidh Arnet,50
61,Orville Swaden,50
62,Brion Deyes,50
63,Hedda Goad,50
64,Letty Ryal,50
65,Anatola D'orsay,50
66,Candie Stourton,50
67,Joshua Blais,50
68,Salomone Gahagan,50
69,Tyler Dumphy,50
70,Elihu Deviney,50
71,My Obey,50
72,Antonino Quartermaine,50
73,Derwin Lisciandro,50
74,Sebastien Beiderbecke,50
75,Corry Bunting,50
76,Gordan O'Kinedy,50
77,Luis Rushe,50
78,Hillie Rangle,50
79,Mycah Youngs,50
80,Mela Bellworthy,50
81,Nevile Lowater,50
82,Karmen Cope,50
83,Lynn Skerritt,50
84,Jdavie Jirek,50
85,Olwen Fidoe,50
86,Stavros Kilbride,50
87,Tabbitha Darington,50
88,Birk Ferrey,50
89,Jedediah Bolin,50
90,Dexter Pecha,50
91,Wendel Middleditch,50
92,Crista Gotcliffe,50
93,Izak Renowden,50
94,Prentiss Shenton,50
95,Tomaso Hacquard,50
96,Crosby Eade,50
97,Almeta Gritten,50
98,Brooke Mirams,50
99,Silvan Streets,50
100,Francesca Valenta,50
